5083,true,1001,2001
10166,false,1002,2002
15249,false,1003,2003
20332,true,1004,2004
25415,false,1005,2005
30498,true,1006,2006
35581,false,1007,2007
40664,true,1008,2008
45747,true,1009,2009
50830,false,1010,2010
55913,false,1011,2011
60996,false,1012,2012
66079,false,1013,2013
71162,true,1014,2014
76245,false,1015,2015
81328,true,1016,2016
86411,true,1017,2017
91494,true,1018,2018
96577,false,1019,2019
101660,true,1020,2020
106743,true,1021,2021
111826,false,1022,2022
116909,false,1023,2023
121992,true,1024,2024
127075,false,1025,2025
132158,false,1026,2026
137241,false,1027,2027
142324,true,1028,2028
147407,true,1029,2029
152490,false,1030,2030
157573,false,1031,2031
162656,true,1032,2032
167739,false,1033,2033
172822,true,1034,2034
177905,false,1035,2035
182988,true,1036,2036
188071,true,1037,2037
193154,true,1038,2038
198237,true,1039,2039
203320,true,1040,2040
208403,true,1041,2041
213486,true,1042,2042
218569,true,1043,2043
223652,false,1044,2044
228735,false,1045,2045
233818,true,1046,2046
238901,true,1047,2047
243984,true,1048,2048
249067,false,1049,2049
254150,true,1050,2050
259233,true,1051,2051
264316,false,1052,2052
269399,false,1053,2053
274482,true,1054,2054
279565,true,1055,2055
284648,true,1056,2056
289731,false,1057,2057
294814,false,1058,2058
299897,false,1059,2059
304980,true,1060,2060
310063,true,1061,2061
315146,false,1062,2062
320229,false,1063,2063
325312,false,1064,2064
330395,false,1065,2065
335478,false,1066,2066
340561,false,1067,2067
345644,false,1068,2068
350727,false,1069,2069
355810,false,1070,2070
360893,false,1071,2071
365976,false,1072,2072
371059,true,1073,2073
376142,true,1074,2074
381225,true,1075,2075
386308,false,1076,2076
391391,true,1077,2077
396474,true,1078,2078
401557,true,1079,2079
406640,false,1080,2080
411723,true,1081,2081
416806,true,1082,2082
421889,false,1083,2083
426972,true,1084,2084
432055,true,1085,2085
437138,true,1086,2086
442221,false,1087,2087
447304,true,1088,2088
452387,true,1089,2089
457470,true,1090,2090
462553,true,1091,2091
467636,false,1092,2092
472719,true,1093,2093
477802,true,1094,2094
482885,false,1095,2095
487968,false,1096,2096
493051,false,1097,2097
498134,true,1098,2098
503217,true,1099,2099
508300,true,1100,2100
513383,false,1101,2101
518466,true,1102,2102
523549,false,1103,2103
528632,true,1104,2104
533715,true,1105,2105
538798,false,1106,2106
543881,false,1107,2107
548964,true,1108,2108
554047,true,1109,2109
559130,false,1110,2110
564213,true,1111,2111
569296,false,1112,2112
574379,true,1113,2113
579462,false,1114,2114
584545,true,1115,2115
589628,true,1116,2116
594711,true,1117,2117
599794,false,1118,2118
604877,true,1119,2119
609960,true,1120,2120
615043,true,1121,2121
620126,false,1122,2122
625209,false,1123,2123
630292,false,1124,2124
635375,false,1125,2125
640458,false,1126,2126
645541,true,1127,2127
650624,false,1128,2128
655707,true,1129,2129
660790,false,1130,2130
665873,false,1131,2131
670956,true,1132,2132
676039,false,1133,2133
681122,false,1134,2134
686205,false,1135,2135
691288,false,1136,2136
696371,false,1137,2137
701454,true,1138,2138
706537,false,1139,2139
711620,false,1140,2140
716703,false,1141,2141
721786,true,1142,2142
726869,true,1143,2143
731952,false,1144,2144
737035,false,1145,2145
742118,false,1146,2146
747201,false,1147,2147
752284,true,1148,2148
757367,false,1149,2149
762450,false,1150,2150
767533,false,1151,2151
772616,false,1152,2152
777699,true,1153,2153
782782,true,1154,2154
787865,false,1155,2155
792948,true,1156,2156
798031,false,1157,2157
803114,true,1158,2158
808197,true,1159,2159
813280,true,1160,2160
818363,true,1161,2161
823446,false,1162,2162
828529,false,1163,2163
833612,false,1164,2164
838695,false,1165,2165
843778,true,1166,2166
848861,false,1167,2167
853944,true,1168,2168
859027,false,1169,2169
864110,false,1170,2170
869193,true,1171,2171
874276,true,1172,2172
879359,true,1173,2173
884442,true,1174,2174
889525,true,1175,2175
894608,false,1176,2176
899691,false,1177,2177
904774,false,1178,2178
909857,false,1179,2179
914940,false,1180,2180
920023,false,1181,2181
925106,true,1182,2182
930189,true,1183,2183
935272,false,1184,2184
940355,false,1185,2185
945438,true,1186,2186
950521,false,1187,2187
955604,false,1188,2188
960687,false,1189,2189
965770,false,1190,2190
970853,false,1191,2191
975936,false,1192,2192
981019,false,1193,2193
986102,false,1194,2194
991185,false,1195,2195
996268,true,1196,2196
1001351,false,1197,2197
1006434,false,1198,2198
1011517,false,1199,2199
1016600,true,1200,2200
1021683,true,1201,2201
1026766,true,1202,2202
1031849,true,1203,2203
1036932,true,1204,2204
1042015,true,1205,2205
1047098,true,1206,2206
1052181,false,1207,2207
1057264,true,1208,2208
1062347,true,1209,2209
1067430,false,1210,2210
1072513,true,1211,2211
1077596,true,1212,2212
1082679,false,1213,2213
1087762,false,1214,2214
1092845,true,1215,2215
1097928,false,1216,2216
1103011,false,1217,2217
1108094,true,1218,2218
1113177,true,1219,2219
1118260,true,1220,2220
1123343,true,1221,2221
1128426,true,1222,2222
1133509,false,1223,2223
1138592,true,1224,2224
1143675,false,1225,2225
1148758,true,1226,2226
1153841,false,1227,2227
1158924,false,1228,2228
1164007,false,1229,2229
1169090,true,1230,2230
1174173,false,1231,2231
1179256,true,1232,2232
1184339,true,1233,2233
1189422,false,1234,2234
1194505,false,1235,2235
1199588,true,1236,2236
1204671,true,1237,2237
1209754,true,1238,2238
1214837,false,1239,2239
1219920,false,1240,2240
1225003,false,1241,2241
1230086,false,1242,2242
1235169,true,1243,2243
1240252,false,1244,2244
1245335,false,1245,2245
1250418,true,1246,2246
1255501,false,1247,2247
1260584,false,1248,2248
1265667,true,1249,2249
1270750,true,1250,2250
1275833,true,1251,2251
1280916,true,1252,2252
1285999,true,1253,2253
1291082,true,1254,2254
1296165,true,1255,2255
1301248,true,1256,2256
1306331,true,1257,2257
1311414,false,1258,2258
1316497,true,1259,2259
1321580,false,1260,2260
1326663,false,1261,2261
1331746,true,1262,2262
1336829,false,1263,2263
1341912,false,1264,2264
1346995,false,1265,2265
1352078,false,1266,2266
1357161,true,1267,2267
1362244,true,1268,2268
1367327,true,1269,2269
1372410,false,1270,2270
1377493,true,1271,2271
1382576,false,1272,2272
1387659,true,1273,2273
1392742,true,1274,2274
1397825,false,1275,2275
1402908,true,1276,2276
1407991,false,1277,2277
1413074,true,1278,2278
1418157,true,1279,2279
1423240,false,1280,2280
1428323,false,1281,2281
1433406,false,1282,2282
1438489,true,1283,2283
1443572,false,1284,2284
1448655,true,1285,2285
1453738,false,1286,2286
1458821,false,1287,2287
1463904,false,1288,2288
1468987,true,1289,2289
1474070,true,1290,2290
1479153,true,1291,2291
1484236,true,1292,2292
1489319,false,1293,2293
1494402,true,1294,2294
1499485,false,1295,2295
1504568,true,1296,2296
1509651,false,1297,2297
1514734,true,1298,2298
1519817,true,1299,2299
1524900,false,1300,2300
1529983,true,1301,2301
1535066,false,1302,2302
1540149,false,1303,2303
1545232,false,1304,2304
1550315,false,1305,2305
1555398,true,1306,2306
1560481,true,1307,2307
1565564,true,1308,2308
1570647,true,1309,2309
1575730,true,1310,2310
1580813,false,1311,2311
1585896,false,1312,2312
1590979,false,1313,2313
1596062,true,1314,2314
1601145,false,1315,2315
1606228,true,1316,2316
1611311,false,1317,2317
1616394,true,1318,2318
1621477,false,1319,2319
1626560,false,1320,2320
1631643,false,1321,2321
1636726,false,1322,2322
1641809,true,1323,2323
1646892,true,1324,2324
1651975,false,1325,2325
1657058,true,1326,2326
1662141,false,1327,2327
1667224,true,1328,2328
1672307,false,1329,2329
1677390,true,1330,2330
1682473,false,1331,2331
1687556,true,1332,2332
1692639,true,1333,2333
1697722,true,1334,2334
1702805,false,1335,2335
1707888,true,1336,2336
1712971,false,1337,2337
1718054,true,1338,2338
1723137,true,1339,2339
1728220,true,1340,2340
1733303,true,1341,2341
1738386,true,1342,2342
1743469,false,1343,2343
1748552,true,1344,2344
1753635,false,1345,2345
1758718,true,1346,2346
1763801,false,1347,2347
1768884,true,1348,2348
1773967,false,1349,2349
1779050,false,1350,2350
1784133,false,1351,2351
1789216,false,1352,2352
1794299,true,1353,2353
1799382,true,1354,2354
1804465,true,1355,2355
1809548,true,1356,2356
1814631,true,1357,2357
1819714,false,1358,2358
1824797,true,1359,2359
1829880,true,1360,2360
1834963,false,1361,2361
1840046,false,1362,2362
1845129,true,1363,2363
1850212,false,1364,2364
1855295,true,1365,2365
1860378,false,1366,2366
1865461,false,1367,2367
1870544,true,1368,2368
1875627,false,1369,2369
1880710,false,1370,2370
1885793,true,1371,2371
1890876,false,1372,2372
1895959,true,1373,2373
1901042,false,1374,2374
1906125,true,1375,2375
1911208,false,1376,2376
1916291,false,1377,2377
1921374,true,1378,2378
1926457,false,1379,2379
1931540,false,1380,2380
1936623,true,1381,2381
1941706,true,1382,2382
1946789,true,1383,2383
1951872,false,1384,2384
1956955,false,1385,2385
1962038,true,1386,2386
1967121,false,1387,2387
1972204,true,1388,2388
1977287,true,1389,2389
1982370,false,1390,2390
1987453,false,1391,2391
1992536,false,1392,2392
1997619,false,1393,2393
2002702,true,1394,2394
2007785,true,1395,2395
2012868,true,1396,2396
2017951,true,1397,2397
2023034,true,1398,2398
2028117,true,1399,2399
2033200,true,1400,2400
2038283,true,1401,2401
2043366,false,1402,2402
2048449,true,1403,2403
2053532,true,1404,2404
2058615,true,1405,2405
2063698,false,1406,2406
2068781,false,1407,2407
2073864,false,1408,2408
2078947,false,1409,2409
2084030,false,1410,2410
2089113,false,1411,2411
2094196,false,1412,2412
2099279,false,1413,2413
2104362,false,1414,2414
2109445,false,1415,2415
2114528,true,1416,2416
2119611,false,1417,2417
2124694,true,1418,2418
2129777,true,1419,2419
2134860,false,1420,2420
2139943,false,1421,2421
2145026,false,1422,2422
2150109,true,1423,2423
2155192,false,1424,2424
2160275,true,1425,2425
2165358,false,1426,2426
2170441,true,1427,2427
2175524,false,1428,2428
2180607,false,1429,2429
2185690,true,1430,2430
2190773,false,1431,2431
2195856,false,1432,2432
2200939,false,1433,2433
2206022,false,1434,2434
2211105,false,1435,2435
2216188,false,1436,2436
2221271,false,1437,2437
2226354,false,1438,2438
2231437,false,1439,2439
2236520,false,1440,2440
2241603,false,1441,2441
2246686,true,1442,2442
2251769,false,1443,2443
2256852,false,1444,2444
2261935,true,1445,2445
2267018,false,1446,2446
2272101,true,1447,2447
2277184,false,1448,2448
2282267,true,1449,2449
2287350,false,1450,2450
2292433,false,1451,2451
2297516,true,1452,2452
2302599,false,1453,2453
2307682,true,1454,2454
2312765,true,1455,2455
2317848,false,1456,2456
2322931,true,1457,2457
2328014,false,1458,2458
2333097,false,1459,2459
2338180,false,1460,2460
2343263,true,1461,2461
2348346,false,1462,2462
2353429,false,1463,2463
2358512,true,1464,2464
2363595,true,1465,2465
2368678,false,1466,2466
2373761,true,1467,2467
2378844,true,1468,2468
2383927,false,1469,2469
2389010,false,1470,2470
2394093,true,1471,2471
2399176,true,1472,2472
2404259,true,1473,2473
2409342,true,1474,2474
2414425,false,1475,2475
2419508,false,1476,2476
2424591,true,1477,2477
2429674,true,1478,2478
2434757,true,1479,2479
2439840,true,1480,2480
2444923,false,1481,2481
2450006,true,1482,2482
2455089,true,1483,2483
2460172,true,1484,2484
2465255,false,1485,2485
2470338,false,1486,2486
2475421,true,1487,2487
2480504,false,1488,2488
2485587,false,1489,2489
2490670,false,1490,2490
2495753,true,1491,2491
2500836,true,1492,2492
2505919,false,1493,2493
2511002,false,1494,2494
2516085,false,1495,2495
2521168,true,1496,2496
2526251,false,1497,2497
2531334,false,1498,2498
2536417,false,1499,2499
2541500,false,1500,2500
2546583,true,1501,2501
2551666,true,1502,2502
2556749,true,1503,2503
2561832,true,1504,2504
2566915,true,1505,2505
2571998,true,1506,2506
2577081,false,1507,2507
2582164,true,1508,2508
2587247,true,1509,2509
2592330,false,1510,2510
2597413,false,1511,2511
2602496,true,1512,2512
2607579,true,1513,2513
2612662,true,1514,2514
2617745,false,1515,2515
2622828,false,1516,2516
2627911,false,1517,2517
2632994,false,1518,2518
2638077,true,1519,2519
2643160,true,1520,2520
2648243,false,1521,2521
2653326,false,1522,2522
2658409,false,1523,2523
2663492,false,1524,2524
2668575,true,1525,2525
2673658,true,1526,2526
2678741,true,1527,2527
2683824,false,1528,2528
2688907,false,1529,2529
2693990,true,1530,2530
2699073,true,1531,2531
2704156,true,1532,2532
2709239,false,1533,2533
2714322,true,1534,2534
2719405,true,1535,2535
2724488,false,1536,2536
2729571,true,1537,2537
2734654,true,1538,2538
2739737,true,1539,2539
2744820,false,1540,2540
2749903,false,1541,2541
2754986,true,1542,2542
2760069,true,1543,2543
2765152,false,1544,2544
2770235,true,1545,2545
2775318,true,1546,2546
2780401,true,1547,2547
2785484,false,1548,2548
2790567,true,1549,2549
2795650,true,1550,2550
2800733,true,1551,2551
2805816,false,1552,2552
2810899,true,1553,2553
2815982,true,1554,2554
2821065,false,1555,2555
2826148,true,1556,2556
2831231,false,1557,2557
2836314,true,1558,2558
2841397,true,1559,2559
2846480,false,1560,2560
2851563,true,1561,2561
2856646,false,1562,2562
2861729,true,1563,2563
2866812,false,1564,2564
2871895,true,1565,2565
2876978,true,1566,2566
2882061,false,1567,2567
2887144,false,1568,2568
2892227,false,1569,2569
2897310,false,1570,2570
2902393,true,1571,2571
2907476,false,1572,2572
2912559,false,1573,2573
2917642,true,1574,2574
2922725,true,1575,2575
2927808,false,1576,2576
2932891,true,1577,2577
2937974,true,1578,2578
2943057,false,1579,2579
2948140,true,1580,2580
2953223,true,1581,2581
2958306,false,1582,2582
2963389,true,1583,2583
2968472,true,1584,2584
2973555,false,1585,2585
2978638,false,1586,2586
2983721,true,1587,2587
2988804,true,1588,2588
2993887,true,1589,2589
2998970,true,1590,2590
3004053,false,1591,2591
3009136,true,1592,2592
3014219,false,1593,2593
3019302,true,1594,2594
3024385,false,1595,2595
3029468,false,1596,2596
3034551,true,1597,2597
3039634,true,1598,2598
3044717,true,1599,2599
3049800,false,1600,2600
3054883,false,1601,2601
3059966,true,1602,2602
3065049,false,1603,2603
3070132,false,1604,2604
3075215,false,1605,2605
3080298,true,1606,2606
3085381,false,1607,2607
3090464,true,1608,2608
3095547,false,1609,2609
3100630,false,1610,2610
3105713,true,1611,2611
3110796,false,1612,2612
3115879,false,1613,2613
3120962,false,1614,2614
3126045,true,1615,2615
3131128,false,1616,2616
3136211,true,1617,2617
3141294,false,1618,2618
3146377,true,1619,2619
3151460,false,1620,2620
3156543,true,1621,2621
3161626,true,1622,2622
3166709,true,1623,2623
3171792,false,1624,2624
3176875,false,1625,2625
3181958,true,1626,2626
3187041,true,1627,2627
3192124,false,1628,2628
3197207,true,1629,2629
3202290,false,1630,2630
3207373,false,1631,2631
3212456,true,1632,2632
3217539,true,1633,2633
3222622,false,1634,2634
3227705,true,1635,2635
3232788,false,1636,2636
3237871,false,1637,2637
3242954,false,1638,2638
3248037,true,1639,2639
3253120,true,1640,2640
3258203,false,1641,2641
3263286,false,1642,2642
3268369,false,1643,2643
3273452,false,1644,2644
3278535,true,1645,2645
3283618,false,1646,2646
3288701,false,1647,2647
3293784,true,1648,2648
3298867,true,1649,2649
3303950,false,1650,2650
3309033,true,1651,2651
3314116,true,1652,2652
3319199,false,1653,2653
3324282,true,1654,2654
3329365,false,1655,2655
3334448,false,1656,2656
3339531,true,1657,2657
3344614,false,1658,2658
3349697,false,1659,2659
3354780,false,1660,2660
3359863,true,1661,2661
3364946,false,1662,2662
3370029,true,1663,2663
3375112,true,1664,2664
3380195,false,1665,2665
3385278,false,1666,2666
3390361,true,1667,2667
3395444,true,1668,2668
3400527,false,1669,2669
3405610,false,1670,2670
3410693,true,1671,2671
3415776,false,1672,2672
3420859,true,1673,2673
3425942,false,1674,2674
3431025,false,1675,2675
3436108,false,1676,2676
3441191,true,1677,2677
3446274,true,1678,2678
3451357,true,1679,2679
3456440,false,1680,2680
3461523,false,1681,2681
3466606,false,1682,2682
3471689,true,1683,2683
3476772,true,1684,2684
3481855,false,1685,2685
3486938,false,1686,2686
3492021,true,1687,2687
3497104,true,1688,2688
3502187,false,1689,2689
3507270,true,1690,2690
3512353,false,1691,2691
3517436,true,1692,2692
3522519,true,1693,2693
3527602,true,1694,2694
3532685,false,1695,2695
3537768,false,1696,2696
3542851,false,1697,2697
3547934,true,1698,2698
3553017,true,1699,2699
3558100,false,1700,2700
3563183,false,1701,2701
3568266,false,1702,2702
3573349,false,1703,2703
3578432,true,1704,2704
3583515,true,1705,2705
3588598,true,1706,2706
3593681,true,1707,2707
3598764,true,1708,2708
3603847,true,1709,2709
3608930,false,1710,2710
3614013,false,1711,2711
3619096,false,1712,2712
3624179,false,1713,2713
3629262,true,1714,2714
3634345,false,1715,2715
3639428,false,1716,2716
3644511,true,1717,2717
3649594,false,1718,2718
3654677,true,1719,2719
3659760,false,1720,2720
3664843,false,1721,2721
3669926,true,1722,2722
3675009,false,1723,2723
3680092,false,1724,2724
3685175,false,1725,2725
3690258,true,1726,2726
3695341,true,1727,2727
3700424,true,1728,2728
3705507,false,1729,2729
3710590,false,1730,2730
3715673,true,1731,2731
3720756,false,1732,2732
3725839,true,1733,2733
3730922,true,1734,2734
3736005,true,1735,2735
3741088,false,1736,2736
3746171,false,1737,2737
3751254,false,1738,2738
3756337,true,1739,2739
3761420,false,1740,2740
3766503,true,1741,2741
3771586,false,1742,2742
3776669,true,1743,2743
3781752,true,1744,2744
3786835,false,1745,2745
3791918,true,1746,2746
3797001,true,1747,2747
3802084,true,1748,2748
3807167,true,1749,2749
3812250,false,1750,2750
3817333,false,1751,2751
3822416,false,1752,2752
3827499,false,1753,2753
3832582,false,1754,2754
3837665,false,1755,2755
3842748,true,1756,2756
3847831,false,1757,2757
3852914,true,1758,2758
3857997,false,1759,2759
3863080,false,1760,2760
3868163,true,1761,2761
3873246,false,1762,2762
3878329,true,1763,2763
3883412,false,1764,2764
3888495,true,1765,2765
3893578,false,1766,2766
3898661,true,1767,2767
3903744,true,1768,2768
3908827,false,1769,2769
3913910,true,1770,2770
3918993,true,1771,2771
3924076,false,1772,2772
3929159,false,1773,2773
3934242,true,1774,2774
3939325,false,1775,2775
3944408,true,1776,2776
3949491,false,1777,2777
3954574,true,1778,2778
3959657,false,1779,2779
3964740,true,1780,2780
3969823,false,1781,2781
3974906,false,1782,2782
3979989,true,1783,2783
3985072,false,1784,2784
3990155,false,1785,2785
3995238,false,1786,2786
4000321,true,1787,2787
4005404,false,1788,2788
4010487,true,1789,2789
4015570,true,1790,2790
4020653,true,1791,2791
4025736,false,1792,2792
4030819,false,1793,2793
4035902,false,1794,2794
4040985,false,1795,2795
4046068,false,1796,2796
4051151,true,1797,2797
4056234,true,1798,2798
4061317,true,1799,2799
4066400,false,1800,2800
4071483,true,1801,2801
4076566,true,1802,2802
4081649,false,1803,2803
4086732,false,1804,2804
4091815,false,1805,2805
4096898,false,1806,2806
4101981,false,1807,2807
4107064,true,1808,2808
4112147,false,1809,2809
4117230,false,1810,2810
4122313,true,1811,2811
4127396,true,1812,2812
4132479,false,1813,2813
4137562,false,1814,2814
4142645,true,1815,2815
4147728,false,1816,2816
4152811,true,1817,2817
4157894,true,1818,2818
4162977,false,1819,2819
4168060,false,1820,2820
4173143,true,1821,2821
4178226,false,1822,2822
4183309,true,1823,2823
4188392,false,1824,2824
4193475,false,1825,2825
4198558,false,1826,2826
4203641,true,1827,2827
4208724,true,1828,2828
4213807,false,1829,2829
4218890,false,1830,2830
4223973,true,1831,2831
4229056,false,1832,2832
4234139,true,1833,2833
4239222,false,1834,2834
4244305,true,1835,2835
4249388,false,1836,2836
4254471,false,1837,2837
4259554,false,1838,2838
4264637,true,1839,2839
4269720,true,1840,2840
4274803,true,1841,2841
4279886,true,1842,2842
4284969,true,1843,2843
4290052,true,1844,2844
4295135,true,1845,2845
4300218,true,1846,2846
4305301,true,1847,2847
4310384,false,1848,2848
4315467,true,1849,2849
4320550,true,1850,2850
4325633,false,1851,2851
4330716,false,1852,2852
4335799,false,1853,2853
4340882,false,1854,2854
4345965,false,1855,2855
4351048,true,1856,2856
4356131,false,1857,2857
4361214,false,1858,2858
4366297,true,1859,2859
4371380,true,1860,2860
4376463,false,1861,2861
4381546,false,1862,2862
4386629,true,1863,2863
4391712,false,1864,2864
4396795,true,1865,2865
4401878,true,1866,2866
4406961,true,1867,2867
4412044,true,1868,2868
4417127,true,1869,2869
4422210,false,1870,2870
4427293,true,1871,2871
4432376,true,1872,2872
4437459,false,1873,2873
4442542,true,1874,2874
4447625,true,1875,2875
4452708,true,1876,2876
4457791,false,1877,2877
4462874,false,1878,2878
4467957,false,1879,2879
4473040,true,1880,2880
4478123,true,1881,2881
4483206,true,1882,2882
4488289,false,1883,2883
4493372,false,1884,2884
4498455,true,1885,2885
4503538,true,1886,2886
4508621,false,1887,2887
4513704,false,1888,2888
4518787,false,1889,2889
4523870,true,1890,2890
4528953,true,1891,2891
4534036,true,1892,2892
4539119,false,1893,2893
4544202,true,1894,2894
4549285,true,1895,2895
4554368,true,1896,2896
4559451,false,1897,2897
4564534,false,1898,2898
4569617,true,1899,2899
4574700,true,1900,2900
4579783,false,1901,2901
4584866,true,1902,2902
4589949,false,1903,2903
4595032,true,1904,2904
4600115,false,1905,2905
4605198,false,1906,2906
4610281,false,1907,2907
4615364,false,1908,2908
4620447,false,1909,2909
4625530,false,1910,2910
4630613,false,1911,2911
4635696,true,1912,2912
4640779,false,1913,2913
4645862,false,1914,2914
4650945,true,1915,2915
4656028,true,1916,2916
4661111,false,1917,2917
4666194,true,1918,2918
4671277,false,1919,2919
4676360,false,1920,2920
4681443,true,1921,2921
4686526,true,1922,2922
4691609,false,1923,2923
4696692,false,1924,2924
4701775,false,1925,2925
4706858,false,1926,2926
4711941,true,1927,2927
4717024,true,1928,2928
4722107,true,1929,2929
4727190,false,1930,2930
4732273,false,1931,2931
4737356,false,1932,2932
4742439,true,1933,2933
4747522,true,1934,2934
4752605,false,1935,2935
4757688,true,1936,2936
4762771,false,1937,2937
4767854,false,1938,2938
4772937,true,1939,2939
4778020,true,1940,2940
4783103,false,1941,2941
4788186,false,1942,2942
4793269,false,1943,2943
4798352,true,1944,2944
4803435,false,1945,2945
4808518,false,1946,2946
4813601,true,1947,2947
4818684,false,1948,2948
4823767,true,1949,2949
4828850,false,1950,2950
4833933,true,1951,2951
4839016,true,1952,2952
4844099,false,1953,2953
4849182,true,1954,2954
4854265,true,1955,2955
4859348,true,1956,2956
4864431,true,1957,2957
4869514,false,1958,2958
4874597,false,1959,2959
4879680,false,1960,2960
4884763,true,1961,2961
4889846,true,1962,2962
4894929,false,1963,2963
4900012,true,1964,2964
4905095,true,1965,2965
4910178,true,1966,2966
4915261,true,1967,2967
4920344,true,1968,2968
4925427,true,1969,2969
4930510,true,1970,2970
4935593,false,1971,2971
4940676,false,1972,2972
4945759,false,1973,2973
4950842,false,1974,2974
4955925,false,1975,2975
4961008,false,1976,2976
4966091,true,1977,2977
4971174,true,1978,2978
4976257,false,1979,2979
4981340,true,1980,2980
4986423,true,1981,2981
4991506,false,1982,2982
4996589,true,1983,2983
5001672,false,1984,2984
5006755,true,1985,2985
5011838,false,1986,2986
5016921,true,1987,2987
5022004,false,1988,2988
5027087,true,1989,2989
5032170,false,1990,2990
5037253,true,1991,2991
5042336,true,1992,2992
5047419,true,1993,2993
5052502,false,1994,2994
5057585,false,1995,2995
5062668,false,1996,2996
5067751,false,1997,2997
5072834,true,1998,2998
5077917,true,1999,2999
5083000,false,2000,3000
